0,2,8,10,17,23,27,33,34,36,43,46,50,51,58,62,81,88,94,98
4,12,18,28,42,44,45,48,50,55,59,63,64,65,75,84,86,89,93,97
1,6,10,11,14,19,22,29,30,38,44,59,61,64,67,84,86,87,95,99
1,15,16,21,23,29,36,45,52,56,59,64,66,72,74,76,87,90,95,98
4,12,13,14,23,43,44,47,52,60,61,66,71,81,82,88,90,91,92,96
0,3,10,11,13,14,17,25,36,37,49,52,64,65,66,69,71,77,78,94
1,7,9,10,14,16,18,21,28,29,32,35,54,71,77,79,83,87,90,98
0,8,15,20,24,26,38,40,41,61,63,66,70,75,81,82,88,91,93,98
0,8,9,15,25,26,37,48,50,56,58,67,68,70,74,76,85,87,88,99
4,5,15,16,18,26,28,33,38,42,51,54,71,76,81,84,88,91,92,94
4,10,16,22,23,30,32,36,38,43,47,64,65,66,67,76,77,78,84,85
0,1,8,11,25,32,38,42,43,50,51,54,60,61,75,81,82,84,86,92
1,4,7,8,14,16,23,24,32,44,49,53,54,55,57,62,80,81,94,98
4,17,18,20,28,30,36,39,45,52,55,57,78,83,85,86,87,88,95,97
2,5,7,14,16,17,31,32,38,39,44,51,53,58,65,66,71,89,90,99
9,23,30,32,34,39,47,49,51,53,66,67,69,70,71,72,74,75,81,97
1,4,5,9,11,12,13,15,18,24,26,34,41,49,52,62,63,64,66,69
1,3,6,9,10,14,16,17,22,35,37,44,45,47,54,63,79,81,82,91
13,17,19,25,31,34,37,39,41,43,55,56,59,71,73,76,90,93,94,98
3,9,13,15,27,32,34,39,40,41,45,48,51,56,63,72,81,82,86,98
4,6,19,28,29,32,37,41,44,46,56,57,66,70,78,83,91,92,96,98
1,2,12,15,29,42,47,52,53,57,60,65,68,74,77,80,91,96,97,99
1,6,9,19,25,26,27,29,32,33,39,42,53,68,79,86,87,88,91,98
2,4,19,20,26,32,35,38,50,52,58,59,62,63,68,77,79,82,85,91
9,10,13,18,21,22,24,36,40,46,48,51,58,65,68,72,74,76,78,82
1,2,6,8,9,15,28,31,40,43,46,47,53,57,65,70,82,86,90,97
13,21,23,29,33,34,35,36,45,48,52,59,72,74,75,78,83,86,88,99
2,8,11,16,17,21,22,33,38,39,41,42,45,51,69,74,76,86,88,97
0,3,7,20,22,25,27,32,39,44,68,70,71,73,76,77,85,86,90,99
6,10,18,22,29,30,34,36,47,49,58,63,65,71,74,83,84,87,90,99
4,6,9,15,22,26,38,40,44,49,52,56,62,69,73,76,80,81,83,88
2,5,12,18,25,42,43,47,48,53,57,60,61,64,65,73,76,87,88,97
3,4,6,7,15,18,35,37,38,42,60,66,72,77,79,81,83,85,88,93
8,24,27,38,42,44,45,49,54,57,58,60,61,67,72,73,74,77,79,97
0,1,3,15,16,21,23,24,29,37,44,45,51,54,62,75,84,94,95,98
1,2,7,8,17,18,29,34,39,53,55,57,59,63,65,67,68,92,94,95
1,3,11,17,18,38,40,43,60,64,69,70,72,73,78,80,89,92,96,97
7,10,11,15,30,31,33,35,41,43,47,56,66,69,78,79,83,84,88,99
5,10,11,21,28,38,49,52,53,57,62,65,69,71,72,79,86,92,95,98
2,5,14,21,22,30,33,35,39,41,46,50,53,55,62,64,67,88,89,95
2,10,18,19,30,40,47,50,53,57,59,60,63,66,67,68,73,77,88,92
6,22,29,31,35,37,38,43,45,48,53,54,57,61,62,75,77,79,80,87
0,6,15,18,23,24,39,44,51,52,53,56,57,61,73,80,85,91,93,95
0,10,18,19,28,31,34,38,56,58,61,68,70,74,82,86,87,90,93,99
4,9,12,13,35,40,46,49,50,56,57,58,62,67,69,70,74,75,78,95
8,17,18,22,23,25,29,30,32,42,54,55,57,58,64,68,69,79,87,89
3,11,17,18,19,22,24,30,35,40,42,59,61,65,67,68,77,80,83,91
1,4,12,13,22,27,28,29,31,38,44,47,48,50,63,78,83,89,90,92
6,10,16,17,22,26,28,45,48,50,52,57,70,73,78,80,82,84,91,94
3,7,9,10,12,17,26,34,37,43,44,46,51,57,63,77,84,87,94,98
2,3,9,11,25,26,40,44,45,50,59,63,65,66,67,68,77,87,89,92
4,7,10,14,15,19,21,24,27,34,40,42,44,53,70,72,76,83,88,90
1,2,3,4,14,19,26,27,36,53,55,59,65,68,69,72,77,86,88,91
6,8,18,21,22,27,31,44,52,53,55,61,72,73,79,86,89,94,96,98
1,6,11,13,15,35,39,45,52,57,64,67,74,80,83,88,89,91,96,99
2,6,18,24,26,29,35,42,45,51,55,58,62,65,72,80,82,84,88,97
5,23,28,31,32,41,44,48,54,55,59,60,61,66,68,74,81,84,89,90
2,7,13,14,25,26,29,30,31,41,46,52,60,61,64,73,78,80,88,94
1,8,11,12,21,23,28,29,30,31,33,34,41,48,54,58,59,76,77,91
0,1,3,6,7,10,14,22,23,30,31,37,38,53,67,70,73,92,96,97
4,6,12,14,16,18,23,26,38,54,68,70,73,83,85,88,89,90,92,99
4,5,7,9,10,15,26,27,29,37,41,50,51,60,68,70,72,81,82,95
2,3,9,17,21,27,33,36,41,57,58,63,75,78,80,85,86,95,96,97
2,9,11,16,21,27,36,43,51,53,54,57,74,79,80,82,87,92,93,99
0,7,10,24,26,30,35,36,42,43,55,58,60,61,62,73,80,87,90,97
11,13,16,17,20,28,30,41,44,46,56,74,76,78,79,83,84,86,88,95
16,20,23,37,38,50,53,59,62,63,68,74,77,84,89,90,91,94,97,98
8,9,13,17,22,25,31,38,40,41,55,57,63,68,73,82,90,92,94,96
2,21,22,26,28,35,45,49,50,59,67,68,72,74,80,81,82,92,94,96
0,1,2,7,9,20,40,44,46,51,58,60,61,63,68,72,84,85,87,93
1,6,13,27,29,33,34,39,49,54,56,64,67,71,76,79,80,87,90,95
4,13,14,17,19,27,39,41,42,48,55,59,60,63,69,71,85,86,88,89
3,5,11,18,27,28,29,36,37,39,43,44,52,56,64,72,75,83,94,96
1,2,11,19,25,27,28,34,41,52,56,63,69,74,80,81,85,95,96,97
1,12,18,39,47,51,57,60,68,70,72,73,78,79,83,86,88,91,94,99
7,11,15,17,19,24,25,26,29,30,42,43,44,45,62,66,73,82,94,96
3,6,12,22,30,34,38,44,47,58,63,66,73,74,76,81,83,90,93,96
4,5,7,13,15,20,27,37,39,43,47,48,49,63,64,74,77,82,91,97
0,2,13,14,17,19,27,29,33,37,45,47,51,54,63,72,80,88,97,99
0,7,9,12,21,25,29,30,31,33,35,40,43,50,52,54,64,92,94,98
4,16,23,24,29,30,33,37,40,41,46,48,50,58,65,67,71,78,83,97
10,16,17,20,22,24,27,30,42,45,47,51,57,60,62,75,77,79,84,85
7,10,11,15,16,19,21,22,34,39,40,65,72,74,77,83,89,92,94,97
2,11,14,16,26,34,37,40,41,58,63,76,77,82,86,87,89,90,94,98
6,16,21,23,27,33,41,45,48,54,55,57,68,70,76,77,79,82,85,90
7,10,18,22,23,33,44,46,47,54,55,71,72,74,75,76,87,91,94,95
1,2,4,13,17,22,24,39,41,46,51,55,56,59,61,63,65,69,87,94
1,3,24,26,28,31,32,36,37,40,41,48,52,57,63,64,67,68,96,97
2,10,12,26,28,29,34,36,47,62,65,68,81,85,87,89,90,93,95,99
0,6,7,11,13,22,30,38,42,47,49,61,72,75,77,80,81,83,87,90
7,11,19,23,30,33,37,38,45,58,60,64,65,68,70,71,79,88,96,97
0,3,5,9,17,33,42,43,44,48,49,53,60,69,77,79,80,82,83,96
5,6,9,14,20,24,26,30,38,54,55,65,67,79,80,81,83,84,89,92
3,6,7,17,18,21,29,30,39,40,43,44,45,63,64,78,79,80,93,94
4,7,10,11,16,26,30,38,42,45,54,59,61,65,73,76,80,88,92,97
2,14,17,20,21,22,26,30,36,46,48,53,56,63,69,81,87,90,92,97
0,3,6,8,11,16,21,40,45,46,54,55,57,69,89,90,94,96,98,99
12,22,26,29,39,40,41,48,49,50,51,64,65,66,73,77,82,84,95,98
2,9,10,11,12,14,18,25,41,48,54,64,65,66,68,73,79,80,83,92
1,15,17,18,20,25,33,48,62,64,65,75,82,83,84,86,91,92,95,96
0,3,4,9,10,12,17,20,23,47,49,53,56,57,62,63,66,67,93,94
5,13,27,31,34,36,41,54,55,61,64,66,71,74,79,80,81,83,89,90
4,5,7,11,14,17,21,26,31,36,37,40,41,49,69,80,81,85,90,93
5,7,14,15,20,22,30,37,38,42,44,48,50,55,63,67,71,88,90,93
6,11,14,20,27,38,42,46,49,50,57,59,62,79,81,85,87,92,98,99
0,4,6,18,24,25,33,34,35,40,44,55,56,59,61,70,77,84,90,92
2,3,6,16,23,42,43,47,55,57,58,59,62,70,78,80,86,91,92,97
9,16,19,25,32,36,38,49,51,52,55,64,67,73,75,76,82,84,92,93
0,9,10,11,15,31,32,43,45,46,48,56,63,66,69,72,81,87,96,99
4,6,8,10,18,23,38,39,42,43,46,49,50,54,78,84,89,91,96,97
0,5,8,14,30,38,39,40,50,51,56,58,65,70,72,73,77,89,93,99
4,8,27,28,33,34,37,41,42,54,60,62,69,71,74,79,90,91,97,99
0,1,3,11,17,22,24,25,28,34,71,72,73,81,86,89,90,94,96,99
0,3,4,6,10,14,17,26,29,30,34,38,49,52,56,64,74,89,92,94
0,8,10,22,33,34,35,36,39,44,51,52,55,65,66,68,72,83,86,90
1,12,20,25,26,38,41,50,53,54,59,61,66,69,85,88,95,96,97,98
1,4,6,10,11,12,15,17,20,23,31,32,38,39,45,58,72,85,87,99
3,6,19,22,27,39,43,50,52,55,56,64,70,76,80,83,87,88,89,94
6,12,19,22,24,26,28,35,37,39,42,53,59,75,81,83,88,91,96,97
3,6,21,44,49,50,51,54,65,68,69,72,78,79,84,85,90,94,97,98
0,11,17,21,25,26,33,34,49,53,55,58,62,73,78,79,80,93,94,96
5,10,15,21,25,34,41,43,50,54,64,67,73,78,84,92,93,95,96,99
0,6,8,10,11,19,23,26,27,33,38,46,50,51,55,71,75,84,85,93
0,3,8,15,26,27,31,39,43,49,51,52,55,57,64,76,82,86,89,90
10,14,18,25,26,28,33,37,40,46,50,54,66,68,73,78,79,80,89,92
2,6,13,19,21,25,26,32,37,41,44,46,54,56,57,59,61,66,72,96
6,8,20,25,33,34,35,36,37,38,39,46,47,58,68,70,71,86,87,98
1,5,8,9,11,15,19,26,35,53,54,64,74,75,79,83,84,85,91,98
0,6,20,22,24,26,38,40,47,55,57,60,66,67,68,75,79,84,85,99
7,11,16,17,24,26,41,50,51,54,57,59,69,70,71,75,77,80,85,89
11,14,20,24,25,26,38,40,47,55,65,67,76,79,80,81,83,84,90,92
1,2,11,18,24,32,37,43,46,57,58,60,70,73,78,81,88,93,97,98
9,14,15,25,27,35,38,45,58,61,62,63,68,70,81,82,84,86,94,95
0,7,9,18,22,28,39,40,41,45,46,61,64,69,75,77,79,91,96,97
13,14,15,17,20,21,22,23,31,42,54,60,63,68,70,74,86,87,92,99
3,6,10,19,20,25,30,35,39,46,54,56,60,63,75,87,89,95,96,97
3,9,13,15,16,21,22,25,27,41,42,44,45,46,63,65,68,70,74,99
15,18,20,23,27,31,34,35,38,41,53,56,57,59,61,64,68,71,81,83
13,14,15,22,24,28,39,61,66,67,68,70,72,75,76,78,85,87,92,93
1,2,18,23,30,35,42,46,50,52,55,61,63,67,70,76,77,93,94,98
11,17,28,33,36,37,38,40,41,42,49,56,57,62,63,64,73,79,80,93
4,10,11,13,15,17,21,26,29,41,43,52,53,54,56,63,65,92,93,98
1,2,5,6,12,16,21,25,28,35,37,40,43,56,57,66,84,85,88,97
7,18,24,28,32,43,48,49,54,59,64,65,73,76,82,83,86,91,95,99
6,11,12,13,16,19,22,30,32,43,48,54,64,72,74,78,79,83,87,97
0,1,7,15,23,25,34,36,38,44,45,51,57,65,66,68,70,77,78,85
0,6,8,17,34,38,48,49,50,52,58,63,65,67,68,73,75,85,93,96
0,12,14,17,22,26,35,37,38,39,40,45,59,65,66,73,81,87,91,99
14,17,27,30,32,37,38,39,45,47,48,50,53,54,62,70,77,80,84,93
2,10,21,23,24,27,31,36,38,41,46,53,63,65,68,90,92,93,96,98
4,8,9,12,23,26,27,31,36,44,56,63,64,65,76,77,82,88,91,98
7,15,17,18,21,22,25,29,32,42,44,56,61,62,69,77,78,80,85,92
12,22,24,26,27,32,38,40,41,43,45,46,48,50,70,74,75,81,88,95
5,7,8,10,19,21,27,37,39,40,50,58,63,65,67,75,76,86,91,97
5,11,16,17,20,23,27,31,37,44,55,56,57,69,73,78,83,90,92,96
3,4,9,20,22,30,31,40,41,50,56,59,63,67,69,72,73,77,91,98
0,4,28,30,32,49,52,58,59,64,65,70,73,79,81,82,84,92,96,98
16,17,19,22,23,28,31,34,52,58,60,68,69,70,74,75,76,78,87,93
13,25,26,28,30,45,48,57,64,66,72,73,78,79,81,88,92,93,94,95
2,3,10,22,23,41,47,50,55,58,59,61,63,64,72,82,86,91,93,97
2,6,10,16,28,30,32,34,44,47,48,50,58,71,73,78,79,90,93,99
3,14,18,20,23,31,34,42,46,61,71,73,75,78,81,84,85,88,92,96
1,11,16,18,33,35,36,43,46,50,56,59,61,75,76,81,82,84,89,96
1,13,25,30,32,39,41,42,44,52,64,65,70,76,81,84,86,92,97,99
4,8,15,16,17,18,27,34,46,48,49,54,62,63,74,78,85,87,94,97
4,11,20,25,39,48,49,56,57,59,61,70,75,78,81,82,90,91,97,99
6,7,8,12,16,30,34,39,46,53,57,63,65,67,74,75,79,85,90,96
0,2,3,7,15,16,20,22,28,29,37,40,48,51,56,66,74,76,77,97
13,18,19,29,35,36,41,45,47,48,51,60,61,64,71,79,85,86,93,94
8,12,22,27,28,31,32,42,44,58,64,66,70,72,73,74,76,86,87,96
13,14,16,39,41,47,52,60,64,68,69,74,75,77,80,84,91,94,97,99
11,18,36,38,46,49,60,62,66,68,70,72,81,83,85,87,91,94,95,98
1,3,10,16,24,29,32,37,38,39,40,41,42,46,48,55,68,73,78,85
12,14,28,29,42,45,50,59,61,65,67,70,71,73,79,85,86,90,92,99
6,7,16,18,19,24,34,35,42,59,67,72,76,77,80,84,86,87,89,92
7,11,21,25,33,39,45,48,51,54,56,60,63,65,68,71,74,77,81,96
7,23,31,32,35,41,42,43,44,45,61,62,64,66,73,80,81,86,95,97
1,3,5,10,11,18,21,25,33,41,42,46,48,54,55,62,70,73,74,76
9,13,15,19,26,27,29,32,35,38,45,49,57,58,59,69,71,76,80,99
1,5,7,10,12,25,27,34,35,40,48,52,67,69,71,78,83,85,88,99
1,9,10,24,25,26,28,34,40,49,50,56,60,64,65,67,71,73,75,99
3,4,7,9,11,21,41,42,47,49,53,54,55,59,67,77,79,81,98,99
1,4,10,12,14,23,24,27,29,31,64,65,66,70,72,73,80,82,87,94
2,3,5,9,15,26,38,45,51,57,66,67,74,75,77,79,90,92,93,94
4,13,15,16,18,22,24,26,28,41,45,59,61,68,70,73,80,82,92,94
1,4,21,23,38,48,51,52,65,68,70,71,77,78,80,83,87,88,89,92
6,8,11,22,25,31,35,52,54,55,63,69,70,73,77,79,80,84,87,94
1,2,5,15,20,21,22,23,26,35,39,40,47,57,62,79,80,81,87,89
4,5,15,19,31,37,41,44,46,50,51,62,65,67,68,71,81,90,94,98
5,7,17,19,26,30,33,39,44,52,53,64,65,68,78,79,82,89,90,92
16,17,19,20,21,22,26,28,35,40,44,45,49,65,73,74,77,83,88,96
1,10,17,20,35,38,41,43,47,49,55,56,61,73,76,81,86,90,92,97
1,6,9,14,16,20,22,24,38,45,46,47,50,62,66,77,84,89,96,99
7,12,17,22,25,26,27,33,37,38,40,48,51,53,60,65,69,70,71,92
10,23,29,31,34,40,41,43,44,47,50,61,65,70,74,77,79,82,96,98
28,29,37,40,43,45,51,58,62,64,68,70,71,79,81,86,87,89,92,94
0,1,6,9,13,20,24,46,48,54,56,59,60,66,71,84,87,92,94,96
14,19,20,25,31,33,34,39,43,48,49,52,66,67,83,84,85,86,88,93
0,3,9,11,14,28,31,34,36,47,48,54,56,66,68,69,70,79,81,84
5,6,16,19,22,33,34,39,42,49,51,55,62,65,66,72,79,80,82,96